{
  "dji_fly_20220827_154008_177_1661608394364_pano": {
    "yaw": 4.8273894779230035,
    "pitch": -1.528133558490461
  },
  "dji_fly_20220831_192220_208_1661974751572_pano": {
    "yaw": 0.7427749253609828,
    "pitch": -0.7332605550023596
  },
  "dji_fly_20220831_193410_216_1661974648730_pano": {
    "yaw": 6.172541508935627,
    "pitch": -0.2619946174149719
  },
  "dji_fly_20220831_211524_217_1661974620655_pano": {
    "yaw": 6.0822790570973515,
    "pitch": -1.1172133934552728
  },
  "dji_fly_20220903_201504_219_1662230079402_pano": {
    "yaw": 0.029841427425965295,
    "pitch": -0.7408696444073959
  },
  "dji_fly_20220904_163000_242_1662326963224_pano": {
    "yaw": 2.6626467064554213,
    "pitch": -0.6518057255905219
  },
  "dji_fly_20220923_170242_301_1663963755492_pano": {
    "yaw": 4.918263022717746,
    "pitch": -0.3197609147420324
  },
  "dji_fly_20220923_170500_302_1663963755004_pano": {
    "yaw": 2.5526304810143556,
    "pitch": 0.029005960595867242
  },
  "dji_fly_20221211_110646_356_1670768093786_pano": {
    "yaw": 6.272888138685086,
    "pitch": -0.4193854817578313
  },
  "dji_fly_20221211_111036_357_1670768095655_pano": {
    "yaw": 0.9428610410513026,
    "pitch": -0.3605315247300236
  },
  "dji_fly_20221224_175708_388_1671916289961_pano": {
    "yaw": 0.09312731121125338,
    "pitch": -1.194704054893482
  },
  "dji_fly_20221224_175908_389_1671916284863_pano": {
    "yaw": 0.12802792465179388,
    "pitch": -0.4927681634475114
  },
  "dji_fly_20230104_133402_429_1672850347267_pano": {
    "yaw": 0.18858075226963827,
    "pitch": -0.48464089188446025
  },
  "dji_fly_20230104_195036_433_1672872846596_pano": {
    "yaw": 1.1492742668998956,
    "pitch": -0.19625384164258453
  },
  "dji_fly_20230108_165414_459_1673208033329_pano": {
    "yaw": 6.134399534576962,
    "pitch": -0.31209081442317244
  },
  "dji_fly_20230108_165918_463_1673208023288_pano": {
    "yaw": 0.1487802966975093,
    "pitch": -0.48563080285955706
  },
  "dji_fly_20230525_151554_481_1685038975568_pano": {
    "yaw": 1.5315907636202262,
    "pitch": -1.167360291089437
  },
  "dji_fly_20230530_213526_492_1685476330031_pano": {
    "yaw": 1.8598555152698497,
    "pitch": -1.2272905103967857
  },
  "dji_fly_20230530_214810_495_1685476336353_pano": {
    "yaw": 6.267224070411453,
    "pitch": -1.2344236167576823
  },
  "dji_fly_20230606_192010_543_1686068460723_pano": {
    "yaw": 0.9853629795696712,
    "pitch": -0.6144582702833916
  },
  "dji_fly_20230608_180506_545_1686237180597_pano": {
    "yaw": 5.248406676368214,
    "pitch": -0.9520249921206569
  },
  "dji_fly_20230705_124618_563_1688572746747_pano": {
    "yaw": 0.038776513515799686,
    "pitch": -0.4779952388216677
  },
  "dji_fly_20230705_125028_571_1688572743613_pano": {
    "yaw": 2.5227341313745364,
    "pitch": -0.5247084943366094
  },
  "dji_fly_20240212_165554_610_1707769030196_pano": {
    "yaw": 1.7692055802663988,
    "pitch": -0.7672014549110209
  },
  "dji_fly_20240212_172648_635_1707770100056_pano": {
    "yaw": 4.113215509208793,
    "pitch": -0.5215760061610277
  },
  "dji_fly_20240217_170354_661_1708201869447_pano": {
    "yaw": 3.3345852963239784,
    "pitch": -0.3486877963370927
  },
  "dji_fly_20240217_173400_681_1708202435673_pano": {
    "yaw": 0.12991255893766257,
    "pitch": -0.4031267359583426
  },
  "dji_fly_20240303_171736_710_1709497162876_pano": {
    "yaw": 5.789494647959598,
    "pitch": -0.6288838448193443
  },
  "dji_fly_20240307_152746_714_1709837702605_pano": {
    "yaw": 6.220634837552145,
    "pitch": -0.7696287163830209
  },
  "dji_fly_20240311_170334_746_1710187711349_pano": {
    "yaw": 0.10541495287135827,
    "pitch": -0.3294983323613594
  },
  "dji_fly_20240609_054814_760_1717889068412_pano": {
    "yaw": 0.3809482939193039,
    "pitch": -0.4355121663247177
  },
  "dji_fly_20240609_063748_765_1717890987639_pano": {
    "yaw": 0.11238541184654602,
    "pitch": -0.024527669720971312
  },
  "dji_fly_20240609_064312_771_1717890975012_pano": {
    "yaw": 0.6814521224837183,
    "pitch": -0.3098818705650077
  },
  "dji_fly_20240609_064642_773_1717890888723_pano": {
    "yaw": 1.6200516927192912,
    "pitch": -0.8072016573479641
  },
  "dji_fly_20240614_173244_784_1718365666709_pano": {
    "yaw": 4.143273484708721,
    "pitch": -0.793629251741486
  },
  "dji_fly_20240615_114244_799_1718424241806_pano": {
    "yaw": 5.656266671933051,
    "pitch": -0.7906057942652782
  },
  "dji_fly_20240615_115708_814_1718423983260_pano": {
    "yaw": 0.23316227066579903,
    "pitch": -0.05345650478578179
  },
  "dji_fly_20240616_100310_816_1718504737419_pano": {
    "yaw": 2.5327447497779643,
    "pitch": -0.4620431340527871
  },
  "dji_fly_20240616_100820_824_1718504718373_pano": {
    "yaw": 1.1062254059083596,
    "pitch": -0.6272412875641571
  },
  "dji_fly_20240616_133042_826_1718522890834_pano": {
    "yaw": 2.393544300823791,
    "pitch": -1.109807202735106
  },
  "dji_fly_20240622_113014_831_1719027417546_pano": {
    "yaw": 3.2934823499249077,
    "pitch": -1.072721673706957
  },
  "dji_fly_20240622_135756_843_1719037030961_pano": {
    "yaw": 3.8970714040014793,
    "pitch": 0.12832790839126917
  },
  "dji_fly_20240622_142226_852_1719037620814_pano": {
    "yaw": 4.9974893819859085,
    "pitch": -0.030341136096919685
  },
  "dji_fly_20240703_134404_860_1720011004335_pano": {
    "yaw": 1.475453427611467,
    "pitch": -1.0313286824646086
  },
  "dji_fly_20240712_181606_870_1720801435439_pano": {
    "yaw": 4.919266731232653,
    "pitch": -1.4640183334445944
  },
  "dji_fly_20240713_153626_878_1720878124280_pano": {
    "yaw": 3.8528033597968467,
    "pitch": -1.541823720263526
  },
  "dji_fly_20240714_183132_889_1720974988566_pano": {
    "yaw": 3.2388178630457602,
    "pitch": -1.544318937895215
  },
  "dji_fly_20240721_133316_892_1721561825835_pano": {
    "yaw": 0.3052605216861803,
    "pitch": -0.6496737015777092
  },
  "dji_fly_20240721_145108_898_1721567026251_pano": {
    "yaw": 1.658236056312005,
    "pitch": -0.5039580434319952
  },
  "dji_fly_20240811_193136_911_1723397820622_pano": {
    "yaw": 2.9920096168488337,
    "pitch": -0.6677204354826078
  },
  "dji_fly_20240817_155524_918_1723903582560_pano": {
    "yaw": 4.795342946166084,
    "pitch": -1.0610986690370834
  },
  "dji_fly_20240823_115036_929_1724410251150_pano": {
    "yaw": 3.269631186502445,
    "pitch": -0.4983033795712255
  },
  "dji_fly_20250405_161130_9_1744071210668_pano": {
    "yaw": 1.857412509378246,
    "pitch": -0.8302366694551089
  },
  "dji_fly_20250719_210216_49_1752955445625_pano": {
    "yaw": 0.1963671463266484,
    "pitch": -1.5464554723930806
  },
  "dji_fly_20250729_185802_51_1753810109273_pano": {
    "yaw": 6.190775489239938,
    "pitch": -1.204171344900859
  },
  "dji_fly_20250731_174042_96_1753980521022_pano": {
    "yaw": 3.9121372545829156,
    "pitch": -0.10696564150656784
  },
  "dji_fly_20250807_092642_117_1754552143908_pano": {
    "yaw": 4.442926830283441,
    "pitch": -1.557736700436387
  },
  "dji_fly_20251213_121510_149_1765639277096_pano": {
    "yaw": 6.066238807531482,
    "pitch": -0.5576629260656811
  },
  "dji_fly_20260206_124052_168_1770392767817_pano": {
    "yaw": 3.4977129033902883,
    "pitch": -0.3072016618712159
  },
  "dji_fly_20260206_124326_171_1770392754263_pano": {
    "yaw": 3.2848567769087054,
    "pitch": 0.030907230670155883
  },
  "dji_fly_20260206_135756_175_1770399023733_pano": {
    "yaw": 0.016191021768873656,
    "pitch": -0.5635473558953783
  },
  "Photo_6553615_DJI_15_pano_9368012_0_202289144526_photo_original.jpg": {
    "yaw": 0.34013979919774195,
    "pitch": -0.16370615928734145
  },
  "Photo_6553616_DJI_16_pano_9699989_0_202289144844_photo_original.jpg": {
    "yaw": 5.353899919342614,
    "pitch": -0.32916221990599936
  },
  "Photo_6553705_DJI_105_pano_13707162_0_2022819124920_photo_original.jpg": {
    "yaw": 0.2081598797964025,
    "pitch": -0.20432822769047676
  }
}
